SUMMONS_KEY,SUMMONS_DATE,OFFENSE_DESCRIPTION,LAW_SECTION_NUMBER,LAW_DESCRIPTION,SUMMONS_CATEGORY_TYPE,AGE_GROUP,SEX,RACE,JURISDICTION_CODE,BORO,PRECINCT_OF_OCCUR,X_COORDINATE_CD,Y_COORDINATE_CD,Latitude,Longitude,New Georeferenced Column
261186721,1/1/23,JAYWALKING,45386,Traffic Regs,TRAFFIC REGS,18-24,M,BLACK,0,BRONX,40,1005671,237202,40.817717,-73.922607,POINT (-73.922607 40.817717)
261286005,1/3/23,JAYWALKING,45386,Traffic Regs,TRAFFIC REGS,18-24,M,BLACK,0,BRONX,40,1005463,233820,40.80843222,-73.92337169,POINT (-73.92337169 40.80843222)
261368951,1/4/23,JAYWALKING,45386,Traffic Regs,TRAFFIC REGS,18-24,M,BLACK HISPANIC,0,BRONX,40,1009347,235307,40.812505,-73.909335,POINT (-73.909335 40.812505)
261502106,1/5/23,JAYWALKING,45386,Traffic Regs,TRAFFIC REGS,18-24,M,BLACK,0,QUEENS,103,1037559,194576,40.70058232,-73.80774181,POINT (-73.80774181 40.70058232)
261516506,1/7/23,JAYWALKING,45386,Traffic Regs,TRAFFIC REGS,18-24,M,BLACK,0,MANHATTAN,7,987296,201153,40.71879468,-73.98901164,POINT (-73.98901164 40.71879468)
261554932,1/8/23,JAYWALKING,45386,Traffic Regs,TRAFFIC REGS,25-44,F,WHITE,0,QUEENS,103,1037778,194006,40.69901649,-73.80695652,POINT (-73.80695652 40.69901649)
261986312,1/13/23,JAYWALKING,45386,Traffic Regs,TRAFFIC REGS,<18,M,BLACK,2,BROOKLYN,79,1001139,192774,40.695783,-73.939093,POINT (-73.939093 40.695783)
261882927,1/13/23,JAYWALKING,45386,Traffic Regs,TRAFFIC REGS,25-44,M,WHITE HISPANIC,2,BRONX,43,1021411,236890,40.81680582,-73.86574536,POINT (-73.86574536 40.81680582)
261926386,1/14/23,JAYWALKING,45386,Traffic Regs,TRAFFIC REGS,<18,M,WHITE HISPANIC,2,BROOKLYN,79,1000630,193380,40.697447,-73.940928,POINT (-73.940928 40.697447)
261926387,1/14/23,JAYWALKING,45386,Traffic Regs,TRAFFIC REGS,18-24,F,BLACK,2,BROOKLYN,79,1000630,193380,40.697447,-73.940928,POINT (-73.940928 40.697447)
261921185,1/14/23,JAYWALKING,45386,Traffic Regs,TRAFFIC REGS,25-44,M,BLACK HISPANIC,0,BROOKLYN,75,1013908,180419,40.66183548,-73.89310101,POINT (-73.89310101 40.66183548)
262030479,1/16/23,JAYWALKING,45386,Traffic Regs,TRAFFIC REGS,25-44,M,BLACK,2,BROOKLYN,79,1000301,192923,40.696192,-73.942116,POINT (-73.942116 40.696192)
262034561,1/16/23,JAYWALKING,45386,Traffic Regs,TRAFFIC REGS,18-24,M,BLACK,2,BROOKLYN,79,999851,193263,40.697126,-73.943737,POINT (-73.943737 40.697126)
262036322,1/17/23,JAYWALKING,45386,Traffic Regs,TRAFFIC REGS,18-24,M,BLACK,0,MANHATTAN,5,986423,201501,40.71975011,-73.99216085,POINT (-73.99216085 40.71975011)
262036323,1/17/23,JAYWALKING,45386,Traffic Regs,TRAFFIC REGS,18-24,M,BLACK,0,MANHATTAN,5,986423,201501,40.71975011,-73.99216085,POINT (-73.99216085 40.71975011)
262122396,1/18/23,JAYWALKING,45386,Traffic Regs,TRAFFIC REGS,<18,M,BLACK,2,BROOKLYN,81,1000876,191778,40.69305,-73.940044,POINT (-73.940044 40.69305)
262111664,1/18/23,JAYWALKING,45386,Traffic Regs,TRAFFIC REGS,25-44,M,BLACK,0,MANHATTAN,7,989107,200970,40.71829158,-73.98247865,POINT (-73.98247865 40.71829158)
262504790,1/19/23,JAYWALKING,45386,Traffic Regs,TRAFFIC REGS,25-44,M,WHITE HISPANIC,0,QUEENS,103,1042835,197097,40.7074685,-73.78869213,POINT (-73.78869213 40.7074685)
262185334,1/19/23,JAYWALKING,45386,Traffic Regs,TRAFFIC REGS,25-44,M,WHITE HISPANIC,0,MANHATTAN,13,989053,208696,40.73949759,-73.98266794,POINT (-73.98266794 40.73949759)
262217995,1/20/23,JAYWALKING,45386,Traffic Regs,TRAFFIC REGS,25-44,M,WHITE,0,BROOKLYN,70,995093,166178,40.62279003,-73.96094047,POINT (-73.96094047 40.62279003)
262255259,1/20/23,JAYWALKING,45386,Traffic Regs,TRAFFIC REGS,25-44,M,BLACK,0,BROOKLYN,69,1006773,170446,40.63448279,-73.91885161,POINT (-73.91885161 40.63448279)
262295034,1/21/23,JAYWALKING,45386,Traffic Regs,TRAFFIC REGS,18-24,M,BLACK,0,BROOKLYN,70,994496,175887,40.64943987,-73.96307629,POINT (-73.96307629 40.64943987)
262295035,1/21/23,JAYWALKING,45386,Traffic Regs,TRAFFIC REGS,<18,M,BLACK,0,BROOKLYN,70,994496,175887,40.64943987,-73.96307629,POINT (-73.96307629 40.64943987)
262286062,1/21/23,JAYWALKING,45386,Traffic Regs,TRAFFIC REGS,18-24,M,BLACK,2,BROOKLYN,79,1001139,192774,40.695783,-73.939093,POINT (-73.939093 40.695783)
262535123,1/22/23,JAYWALKING,45386,Traffic Regs,TRAFFIC REGS,18-24,M,BLACK,2,QUEENS,114,999483,214809,40.756266,-73.945013,POINT (-73.945013 40.756266)
262377521,1/23/23,JAYWALKING,45386,Traffic Regs,TRAFFIC REGS,25-44,M,BLACK,2,BROOKLYN,83,1007505,190076,40.68836089,-73.91614658,POINT (-73.91614658 40.68836089)
262377710,1/23/23,JAYWALKING,45386,Traffic Regs,TRAFFIC REGS,18-24,M,BLACK,2,BROOKLYN,79,998286,189884,40.687855,-73.949388,POINT (-73.949388 40.687855)
262543992,1/24/23,JAYWALKING,45386,Traffic Regs,TRAFFIC REGS,18-24,M,WHITE HISPANIC,0,BRONX,40,1008900,235714,40.8136218,-73.91094917,POINT (-73.91094917 40.8136218)
262424151,1/24/23,JAYWALKING,45386,Traffic Regs,TRAFFIC REGS,18-24,M,BLACK,2,BROOKLYN,79,999105,192881,40.696078,-73.946428,POINT (-73.946428 40.696078)
262500879,1/25/23,JAYWALKING,45386,Traffic Regs,TRAFFIC REGS,18-24,M,BLACK,0,BROOKLYN,67,998515,176405,40.65085611,-73.94859185,POINT (-73.94859185 40.65085611)
262557168,1/26/23,JAYWALKING,45386,Traffic Regs,TRAFFIC REGS,25-44,M,BLACK,0,MANHATTAN,13,987294,207626,40.73656148,-73.98901593,POINT (-73.98901593 40.73656148)
263006298,1/26/23,JAYWALKING,45386,Traffic Regs,TRAFFIC REGS,18-24,M,BLACK,0,MANHATTAN,13,987294,207626,40.73656148,-73.98901593,POINT (-73.98901593 40.73656148)
262772134,1/28/23,JAYWALKING,45386,Traffic Regs,TRAFFIC REGS,25-44,M,BLACK,2,BROOKLYN,79,999496,190300,40.6890014,-73.94502653,POINT (-73.9450265328727 40.68900139556)
262787653,1/31/23,JAYWALKING,45386,Traffic Regs,TRAFFIC REGS,<18,M,BLACK,2,BRONX,43,1021814,236899,40.816829,-73.864286,POINT (-73.864286 40.816829)
262737171,1/31/23,JAYWALKING,45386,Traffic Regs,TRAFFIC REGS,18-24,M,BLACK HISPANIC,2,BROOKLYN,79,1001139,192774,40.695783,-73.939093,POINT (-73.939093 40.695783)
262914897,2/1/23,JAYWALKING,45386,Traffic Regs,TRAFFIC REGS,18-24,M,BLACK,0,BROOKLYN,69,1013582,172212,40.63931015,-73.89431173,POINT (-73.89431173 40.63931015)
262916980,2/2/23,JAYWALKING,45386,Traffic Regs,TRAFFIC REGS,<18,M,BLACK,0,MANHATTAN,25,999073,230985,40.80066396,-73.94646071,POINT (-73.94646071 40.80066396)
262932059,2/2/23,JAYWALKING,45386,Traffic Regs,TRAFFIC REGS,<18,M,BLACK HISPANIC,2,BRONX,43,1017969,243672,40.835435,-73.878146,POINT (-73.878146 40.835435)
262925865,2/2/23,JAYWALKING,45386,Traffic Regs,TRAFFIC REGS,45-64,M,WHITE,0,MANHATTAN,9,986844,205462,40.73062198,-73.99064056,POINT (-73.99064056 40.73062198)
262999670,2/4/23,JAYWALKING,45386,Traffic Regs,TRAFFIC REGS,18-24,M,BLACK,0,MANHATTAN,33,1002446,247556,40.84614034,-73.93423282,POINT (-73.93423282 40.84614034)
263129431,2/6/23,JAYWALKING,45386,Traffic Regs,TRAFFIC REGS,25-44,M,BLACK,2,BROOKLYN,84,988740,194815,40.701399,-73.983806,POINT (-73.983806 40.701399)
263265935,2/8/23,JAYWALKING,45386,Traffic Regs,TRAFFIC REGS,25-44,M,BLACK,2,BROOKLYN,81,1007419,186764,40.679272,-73.916466,POINT (-73.916466 40.679272)
263410145,2/10/23,JAYWALKING,45386,Traffic Regs,TRAFFIC REGS,18-24,M,BLACK HISPANIC,2,BRONX,43,1021411,236890,40.81680582,-73.86574536,POINT (-73.86574536 40.81680582)
263410146,2/10/23,JAYWALKING,45386,Traffic Regs,TRAFFIC REGS,18-24,M,WHITE HISPANIC,2,BRONX,43,1021411,236890,40.81680582,-73.86574536,POINT (-73.86574536 40.81680582)
263527636,2/10/23,JAYWALKING,45386,Traffic Regs,TRAFFIC REGS,25-44,M,WHITE HISPANIC,1,QUEENS,109,1030817,215827,40.75894906,-73.83190961,POINT (-73.83190961 40.75894906)
263444667,2/11/23,JAYWALKING,45386,Traffic Regs,TRAFFIC REGS,18-24,M,UNKNOWN,0,BROOKLYN,70,995744,173487,40.642851,-73.958581,POINT (-73.958581 40.642851)
263456029,2/11/23,JAYWALKING,45386,Traffic Regs,TRAFFIC REGS,25-44,F,BLACK HISPANIC,0,BRONX,52,1014845,257494,40.87338288,-73.88937285,POINT (-73.88937285 40.87338288)
263493784,2/12/23,JAYWALKING,45386,Traffic Regs,TRAFFIC REGS,18-24,M,BLACK,2,BROOKLYN,79,999851,193263,40.697126,-73.943737,POINT (-73.943737 40.697126)
263608816,2/14/23,JAYWALKING,45386,Traffic Regs,TRAFFIC REGS,45-64,M,WHITE HISPANIC,0,BROOKLYN,83,1005193,196551,40.706141,-73.924463,POINT (-73.924463 40.706141)
263678011,2/15/23,JAYWALKING,45386,Traffic Regs,TRAFFIC REGS,18-24,M,BLACK,0,BRONX,40,1008128,233279,40.80694052,-73.91374676,POINT (-73.91374676 40.80694052)
263677582,2/15/23,JAYWALKING,45386,Traffic Regs,TRAFFIC REGS,18-24,M,BLACK,0,BRONX,40,1008128,233279,40.80694052,-73.91374676,POINT (-73.91374676 40.80694052)
263677588,2/15/23,JAYWALKING,45386,Traffic Regs,TRAFFIC REGS,25-44,M,BLACK,0,BRONX,40,1008128,233279,40.80694052,-73.91374676,POINT (-73.91374676 40.80694052)
263852604,2/18/23,JAYWALKING,45386,Traffic Regs,TRAFFIC REGS,25-44,M,BLACK,0,BRONX,40,1006614,233501,40.80755382,-73.91921496,POINT (-73.91921496 40.80755382)
264133319,2/23/23,JAYWALKING,45386,Traffic Regs,TRAFFIC REGS,18-24,M,BLACK,0,BROOKLYN,70,995634,174258,40.64496723,-73.95897801,POINT (-73.95897801 40.64496723)
264133320,2/23/23,JAYWALKING,45386,Traffic Regs,TRAFFIC REGS,18-24,F,BLACK,0,BROOKLYN,70,995634,174258,40.64496723,-73.95897801,POINT (-73.95897801 40.64496723)
264184479,2/24/23,JAYWALKING,45386,Traffic Regs,TRAFFIC REGS,25-44,M,BLACK,0,BROOKLYN,70,995928,173958,40.64414341,-73.9579191,POINT (-73.9579191 40.64414341)
264351622,2/28/23,JAYWALKING,45386,Traffic Regs,TRAFFIC REGS,45-64,M,BLACK,0,MANHATTAN,32,999446,235621,40.81338786,-73.94510298,POINT (-73.94510298 40.81338786)
264355397,2/28/23,JAYWALKING,45386,Traffic Regs,TRAFFIC REGS,25-44,M,BLACK,0,BROOKLYN,77,994475,185044,40.67457384,-73.96313808,POINT (-73.96313808 40.67457384)
264425049,3/1/23,JAYWALKING,45386,Traffic Regs,TRAFFIC REGS,18-24,F,WHITE HISPANIC,1,QUEENS,109,1031034,216774,40.76154718,-73.83111973,POINT (-73.83111973 40.76154718)
264455609,3/2/23,JAYWALKING,45386,Traffic Regs,TRAFFIC REGS,65+,M,BLACK,0,MANHATTAN,32,1001539,241249,40.828832,-73.937525,POINT (-73.937525 40.828832)
264501232,3/2/23,JAYWALKING,45386,Traffic Regs,TRAFFIC REGS,25-44,M,WHITE HISPANIC,0,BRONX,40,1005597,234066,40.8091071,-73.92288685,POINT (-73.92288685 40.8091071)
264497728,3/2/23,JAYWALKING,45386,Traffic Regs,TRAFFIC REGS,18-24,M,BLACK,0,BRONX,42,1008690,238862,40.82227104,-73.91169778,POINT (-73.911697780277 40.8222710411331)
264456339,3/3/23,JAYWALKING,45386,Traffic Regs,TRAFFIC REGS,18-24,M,BLACK,0,MANHATTAN,25,1000275,229995,40.79794458,-73.94212156,POINT (-73.94212156 40.79794458)
264605931,3/4/23,JAYWALKING,45386,Traffic Regs,TRAFFIC REGS,18-24,M,WHITE HISPANIC,0,MANHATTAN,33,1000840,243311,40.83449222,-73.94004801,POINT (-73.94004801 40.83449222)
264670185,3/4/23,JAYWALKING,45386,Traffic Regs,TRAFFIC REGS,25-44,M,BLACK HISPANIC,2,BROOKLYN,79,999105,192881,40.696078,-73.946428,POINT (-73.946428 40.696078)
264615890,3/5/23,JAYWALKING,45386,Traffic Regs,TRAFFIC REGS,18-24,M,WHITE HISPANIC,0,MANHATTAN,33,1000793,243627,40.83535963,-73.94021707,POINT (-73.94021707 40.83535963)
264615889,3/5/23,JAYWALKING,45386,Traffic Regs,TRAFFIC REGS,18-24,M,BLACK HISPANIC,0,MANHATTAN,33,1000793,243627,40.83535963,-73.94021707,POINT (-73.94021707 40.83535963)
264564595,3/5/23,JAYWALKING,45386,Traffic Regs,TRAFFIC REGS,18-24,M,BLACK,0,MANHATTAN,24,995306,230954,40.80058439,-73.96006681,POINT (-73.96006681 40.80058439)
264715359,3/7/23,JAYWALKING,45386,Traffic Regs,TRAFFIC REGS,25-44,M,BLACK,0,MANHATTAN,30,998614,239692,40.824563,-73.94809994,POINT (-73.94809994 40.824563)
264679568,3/7/23,JAYWALKING,45386,Traffic Regs,TRAFFIC REGS,18-24,M,BLACK,0,MANHATTAN,28,997392,231914,40.80321647,-73.95253051,POINT (-73.95253051 40.80321647)
264682058,3/7/23,JAYWALKING,45386,Traffic Regs,TRAFFIC REGS,45-64,M,WHITE HISPANIC,2,BRONX,40,1007143,236992,40.817137,-73.917289,POINT (-73.917289 40.817137)
264747699,3/9/23,JAYWALKING,45386,Traffic Regs,TRAFFIC REGS,25-44,M,WHITE,0,BROOKLYN,61,1001545,152025,40.583933,-73.937733,POINT (-73.937733 40.583933)
264913280,3/10/23,JAYWALKING,45386,Traffic Regs,TRAFFIC REGS,UNKNOWN,M,BLACK HISPANIC,0,BRONX,40,1006740,237429,40.818335,-73.918744,POINT (-73.918744 40.818335)
264970537,3/11/23,JAYWALKING,45386,Traffic Regs,TRAFFIC REGS,18-24,M,BLACK,0,MANHATTAN,23,1000710,226718,40.7889493,-73.94055848,POINT (-73.94055848 40.7889493)
264970114,3/11/23,JAYWALKING,45386,Traffic Regs,TRAFFIC REGS,18-24,M,WHITE HISPANIC,0,BRONX,40,1005855,233601,40.807833,-73.921956,POINT (-73.921956 40.807833)
264970538,3/11/23,JAYWALKING,45386,Traffic Regs,TRAFFIC REGS,18-24,M,BLACK,0,MANHATTAN,23,1000710,226718,40.7889493,-73.94055848,POINT (-73.94055848 40.7889493)
264970539,3/11/23,JAYWALKING,45386,Traffic Regs,TRAFFIC REGS,18-24,M,BLACK,0,MANHATTAN,23,1000710,226718,40.7889493,-73.94055848,POINT (-73.94055848 40.7889493)
264976384,3/12/23,JAYWALKING,45386,Traffic Regs,TRAFFIC REGS,<18,M,BLACK,0,QUEENS,103,1040454,190956,40.69062838,-73.79733127,POINT (-73.79733127 40.69062838)
264976385,3/12/23,JAYWALKING,45386,Traffic Regs,TRAFFIC REGS,18-24,M,BLACK,0,QUEENS,103,1040454,190956,40.69062838,-73.79733127,POINT (-73.79733127 40.69062838)
264976383,3/12/23,JAYWALKING,45386,Traffic Regs,TRAFFIC REGS,<18,M,BLACK,0,QUEENS,103,1040454,190956,40.69062838,-73.79733127,POINT (-73.79733127 40.69062838)
265101521,3/13/23,JAYWALKING,45386,Traffic Regs,TRAFFIC REGS,18-24,M,BLACK,2,BROOKLYN,79,1001404,193715,40.698364,-73.938133,POINT (-73.938133 40.698364)
265011854,3/13/23,JAYWALKING,45386,Traffic Regs,TRAFFIC REGS,25-44,M,ASIAN / PACIFIC ISLANDER,0,BROOKLYN,70,995224,167086,40.62528214,-73.9604671,POINT (-73.9604671 40.62528214)
265191049,3/16/23,JAYWALKING,45386,Traffic Regs,TRAFFIC REGS,25-44,M,WHITE,0,BROOKLYN,70,995343,164437,40.61801104,-73.96004276,POINT (-73.96004276 40.61801104)
265560513,3/16/23,JAYWALKING,45386,Traffic Regs,TRAFFIC REGS,18-24,M,BLACK,0,MANHATTAN,25,1002019,232093,40.80369968,-73.93581711,POINT (-73.93581711 40.80369968)
265280757,3/17/23,JAYWALKING,45386,Traffic Regs,TRAFFIC REGS,45-64,M,WHITE HISPANIC,0,BROOKLYN,70,994743,176014,40.64978817,-73.96218597,POINT (-73.96218597 40.64978817)
265278981,3/17/23,JAYWALKING,45386,Traffic Regs,TRAFFIC REGS,<18,M,BLACK,0,MANHATTAN,28,998041,231228,40.8013326,-73.9501877,POINT (-73.9501877 40.8013326)
265315292,3/18/23,JAYWALKING,45386,Traffic Regs,TRAFFIC REGS,25-44,M,BLACK,0,MANHATTAN,24,991675,228088,40.79272179,-73.97318479,POINT (-73.97318479 40.79272179)
265346841,3/19/23,JAYWALKING,45386,Traffic Regs,TRAFFIC REGS,25-44,M,BLACK,0,MANHATTAN,33,999755,243608,40.83530937,-73.94396823,POINT (-73.94396823 40.83530937)
265346840,3/19/23,JAYWALKING,45386,Traffic Regs,TRAFFIC REGS,25-44,M,BLACK,0,MANHATTAN,33,999755,243608,40.83530937,-73.94396823,POINT (-73.94396823 40.83530937)
265450505,3/21/23,JAYWALKING,45386,Traffic Regs,TRAFFIC REGS,18-24,M,BLACK,0,MANHATTAN,32,1001091,240445,40.8266254,-73.93914815,POINT (-73.93914815 40.8266254)
265499290,3/21/23,JAYWALKING,45386,Traffic Regs,TRAFFIC REGS,18-24,M,UNKNOWN,0,MANHATTAN,32,1001217,240673,40.82725095,-73.9386923,POINT (-73.9386923 40.82725095)
265499299,3/21/23,JAYWALKING,45386,Traffic Regs,TRAFFIC REGS,18-24,M,WHITE HISPANIC,0,MANHATTAN,33,1002253,246734,40.843885,-73.934932,POINT (-73.934932 40.843885)
265450919,3/21/23,JAYWALKING,45386,Traffic Regs,TRAFFIC REGS,18-24,M,BLACK HISPANIC,0,MANHATTAN,33,999629,243379,40.83468105,-73.94442409,POINT (-73.94442409 40.83468105)
265512758,3/22/23,JAYWALKING,45386,Traffic Regs,TRAFFIC REGS,18-24,M,BLACK,2,BROOKLYN,79,1001063,186965,40.679838,-73.939382,POINT (-73.939382 40.679838)
265512759,3/22/23,JAYWALKING,45386,Traffic Regs,TRAFFIC REGS,25-44,M,BLACK,2,BROOKLYN,81,1001301,191707,40.692852,-73.938509,POINT (-73.938509 40.692852)
265575824,3/23/23,JAYWALKING,45386,Traffic Regs,TRAFFIC REGS,18-24,M,UNKNOWN,0,MANHATTAN,34,1006208,255072,40.86676095,-73.92061093,POINT (-73.92061093 40.86676095)
265623762,3/24/23,JAYWALKING,45386,Traffic Regs,TRAFFIC REGS,25-44,M,BLACK,0,MANHATTAN,25,1000866,232112,40.80375407,-73.93998178,POINT (-73.93998178 40.80375407)
265918870,3/28/23,JAYWALKING,45386,Traffic Regs,TRAFFIC REGS,25-44,M,WHITE,1,QUEENS,109,1031587,215309,40.7575232,-73.82913384,POINT (-73.82913384 40.7575232)
265808092,3/28/23,JAYWALKING,45386,Traffic Regs,TRAFFIC REGS,25-44,M,BLACK,0,MANHATTAN,28,997301,233186,40.80670789,-73.95285673,POINT (-73.95285673 40.80670789)
265805678,3/28/23,JAYWALKING,45386,Traffic Regs,TRAFFIC REGS,UNKNOWN,M,BLACK,0,BROOKLYN,75,1014597,179233,40.65857784,-73.89062293,POINT (-73.89062293 40.65857784)
265918871,3/28/23,JAYWALKING,45386,Traffic Regs,TRAFFIC REGS,25-44,M,WHITE,1,QUEENS,109,1031587,215309,40.7575232,-73.82913384,POINT (-73.82913384 40.7575232)
265890895,3/29/23,JAYWALKING,45386,Traffic Regs,TRAFFIC REGS,25-44,M,BLACK,0,BROOKLYN,75,1016845,182111,40.66646931,-73.88250675,POINT (-73.88250675 40.66646931)
266026560,4/2/23,JAYWALKING,45386,Traffic Regs,TRAFFIC REGS,25-44,M,WHITE,0,MANHATTAN,33,1000669,243398,40.83473133,-73.94066574,POINT (-73.94066574 40.83473133)
266166688,4/4/23,JAYWALKING,45386,Traffic Regs,TRAFFIC REGS,18-24,M,BLACK,0,MANHATTAN,28,998689,234255,40.80963984,-73.94784065,POINT (-73.94784065 40.80963984)
266448264,4/5/23,JAYWALKING,45386,Traffic Regs,TRAFFIC REGS,25-44,F,BLACK HISPANIC,1,QUEENS,115,1018623,214936,40.75656758,-73.87593153,POINT (-73.8759315341335 40.7565675846374)
266448265,4/5/23,JAYWALKING,45386,Traffic Regs,TRAFFIC REGS,65+,F,WHITE HISPANIC,1,QUEENS,115,1024548,213270,40.75196155,-73.85455376,POINT (-73.85455376 40.75196155)
266346752,4/6/23,JAYWALKING,45386,Traffic Regs,TRAFFIC REGS,25-44,M,BLACK,0,QUEENS,114,1008696,214564,40.75557128,-73.9117631,POINT (-73.9117631 40.75557128)
266765785,4/6/23,JAYWALKING,45386,Traffic Regs,TRAFFIC REGS,<18,M,BLACK,0,MANHATTAN,24,993480,230424,40.79913178,-73.96666287,POINT (-73.96666287 40.79913178)
266337954,4/6/23,JAYWALKING,45386,Traffic Regs,TRAFFIC REGS,18-24,M,BLACK,0,BROOKLYN,84,988983,194223,40.69977273,-73.98293072,POINT (-73.98293072 40.69977273)
266315125,4/7/23,JAYWALKING,45386,Traffic Regs,TRAFFIC REGS,25-44,M,ASIAN / PACIFIC ISLANDER,0,QUEENS,109,1030630,213662,40.75300768,-73.83259955,POINT (-73.83259955 40.75300768)
266397106,4/8/23,JAYWALKING,45386,Traffic Regs,TRAFFIC REGS,18-24,M,BLACK,0,BROOKLYN,71,1000916,181160,40.66390334,-73.93992739,POINT (-73.93992739 40.66390334)
266532194,4/11/23,JAYWALKING,45386,Traffic Regs,TRAFFIC REGS,25-44,M,WHITE HISPANIC,0,BROOKLYN,90,1004376,197426,40.70854259,-73.92740723,POINT (-73.92740723 40.70854259)
266567870,4/11/23,JAYWALKING,45386,Traffic Regs,TRAFFIC REGS,18-24,M,BLACK,0,MANHATTAN,25,1000748,234008,40.80895829,-73.94040334,POINT (-73.94040334 40.80895829)
266567873,4/12/23,JAYWALKING,45386,Traffic Regs,TRAFFIC REGS,25-44,M,ASIAN / PACIFIC ISLANDER,0,QUEENS,114,1008434,218626,40.766722,-73.912691,POINT (-73.912691 40.766722)
266610088,4/12/23,JAYWALKING,45386,Traffic Regs,TRAFFIC REGS,18-24,M,BLACK,0,MANHATTAN,23,998494,228888,40.79490922,-73.94855645,POINT (-73.94855645 40.79490922)
266610087,4/12/23,JAYWALKING,45386,Traffic Regs,TRAFFIC REGS,18-24,M,WHITE HISPANIC,0,MANHATTAN,23,998494,228888,40.79490922,-73.94855645,POINT (-73.94855645 40.79490922)
266599569,4/12/23,JAYWALKING,45386,Traffic Regs,TRAFFIC REGS,<18,M,BLACK,0,MANHATTAN,23,998494,228888,40.79490922,-73.94855645,POINT (-73.94855645 40.79490922)
266599862,4/12/23,JAYWALKING,45386,Traffic Regs,TRAFFIC REGS,18-24,M,ASIAN / PACIFIC ISLANDER,0,BROOKLYN,69,1014866,170207,40.63380251,-73.88969436,POINT (-73.88969436 40.63380251)
266599566,4/12/23,JAYWALKING,45386,Traffic Regs,TRAFFIC REGS,25-44,M,BLACK HISPANIC,0,MANHATTAN,25,1001264,232832,40.80572952,-73.93854235,POINT (-73.93854235 40.80572952)
266602644,4/12/23,JAYWALKING,45386,Traffic Regs,TRAFFIC REGS,18-24,M,WHITE HISPANIC,0,MANHATTAN,23,998494,228888,40.79490922,-73.94855645,POINT (-73.94855645 40.79490922)
266657858,4/13/23,JAYWALKING,45386,Traffic Regs,TRAFFIC REGS,<18,M,WHITE HISPANIC,0,BROOKLYN,78,990283,186903,40.67968022,-73.9782489,POINT (-73.9782489 40.67968022)
266695295,4/14/23,JAYWALKING,45386,Traffic Regs,TRAFFIC REGS,<18,M,BLACK,0,MANHATTAN,30,999516,241317,40.82902165,-73.94483714,POINT (-73.94483714 40.82902165)
266870228,4/18/23,JAYWALKING,45386,Traffic Regs,TRAFFIC REGS,18-24,M,BLACK HISPANIC,0,MANHATTAN,30,997828,240127,40.8257582,-73.95093904,POINT (-73.95093904 40.8257582)
266873085,4/18/23,JAYWALKING,45386,Traffic Regs,TRAFFIC REGS,25-44,M,BLACK,2,BROOKLYN,81,1002397,189962,40.688061,-73.934564,POINT (-73.934564 40.688061)
267169470,4/19/23,JAYWALKING,45386,Traffic Regs,TRAFFIC REGS,18-24,M,BLACK HISPANIC,2,QUEENS,114,1002895,220799,40.77269888,-73.93268428,POINT (-73.93268428 40.77269888)
266995409,4/20/23,JAYWALKING,45386,Traffic Regs,TRAFFIC REGS,25-44,M,BLACK,0,BRONX,47,1026305,262216,40.88629613,-73.84790556,POINT (-73.84790556 40.88629613)
267050352,4/20/23,JAYWALKING,45386,Traffic Regs,TRAFFIC REGS,65+,M,BLACK,0,BROOKLYN,90,1001531,194940,40.701728,-73.937673,POINT (-73.937673 40.701728)
267194753,4/25/23,JAYWALKING,45386,Traffic Regs,TRAFFIC REGS,<18,M,BLACK,0,BROOKLYN,61,988932,156374,40.59588546,-73.98314092,POINT (-73.98314092 40.59588546)
267510897,4/27/23,JAYWALKING,45386,Traffic Regs,TRAFFIC REGS,<18,M,BLACK,0,MANHATTAN,28,996904,234747,40.81099298,-73.95428784,POINT (-73.95428784 40.81099298)
267510653,4/28/23,JAYWALKING,45386,Traffic Regs,TRAFFIC REGS,<18,M,BLACK HISPANIC,0,BRONX,44,1007441,246174,40.84233545,-73.9161838,POINT (-73.9161838 40.84233545)
267547551,5/1/23,JAYWALKING,45386,Traffic Regs,TRAFFIC REGS,45-64,M,BLACK,0,BROOKLYN,73,1009574,180395,40.661785,-73.908722,POINT (-73.908722 40.661785)
267734117,5/2/23,JAYWALKING,45386,Traffic Regs,TRAFFIC REGS,45-64,M,WHITE HISPANIC,0,BROOKLYN,83,1006306,195216,40.702473,-73.920451,POINT (-73.920451 40.702473)
267690191,5/3/23,JAYWALKING,45386,Traffic Regs,TRAFFIC REGS,25-44,M,BLACK,0,BROOKLYN,60,989372,155205,40.592677,-73.981556,POINT (-73.981556 40.592677)
267680159,5/3/23,JAYWALKING,45386,Traffic Regs,TRAFFIC REGS,18-24,M,BLACK,0,MANHATTAN,25,1001641,233513,40.80759794,-73.93717879,POINT (-73.93717879 40.80759794)
267691460,5/4/23,JAYWALKING,45386,Traffic Regs,TRAFFIC REGS,25-44,M,WHITE HISPANIC,0,MANHATTAN,34,1005686,254817,40.86606234,-73.92249903,POINT (-73.92249903 40.86606234)
267835390,5/5/23,JAYWALKING,45386,Traffic Regs,TRAFFIC REGS,18-24,M,WHITE HISPANIC,0,MANHATTAN,33,1001853,244535,40.83784978,-73.93638407,POINT (-73.93638407 40.83784978)
267803564,5/6/23,JAYWALKING,45386,Traffic Regs,TRAFFIC REGS,18-24,M,WHITE HISPANIC,0,BRONX,40,1006868,237802,40.81935821,-73.91828295,POINT (-73.91828295 40.81935821)
267898495,5/7/23,JAYWALKING,45386,Traffic Regs,TRAFFIC REGS,25-44,M,BLACK HISPANIC,0,BRONX,46,1010128,250718,40.854802,-73.906451,POINT (-73.906451 40.854802)
267921114,5/8/23,JAYWALKING,45386,Traffic Regs,TRAFFIC REGS,45-64,M,BLACK,0,QUEENS,113,1040181,184929,40.67408741,-73.79836572,POINT (-73.79836572 40.67408741)
267919056,5/8/23,JAYWALKING,45386,Traffic Regs,TRAFFIC REGS,18-24,M,WHITE HISPANIC,0,BROOKLYN,83,1007039,192934,40.69620665,-73.91781722,POINT (-73.91781722 40.69620665)
268041810,5/10/23,JAYWALKING,45386,Traffic Regs,TRAFFIC REGS,25-44,M,ASIAN / PACIFIC ISLANDER,0,MANHATTAN,5,984668,200001,40.71563323,-73.99849214,POINT (-73.99849214 40.71563323)
268057342,5/10/23,JAYWALKING,45386,Traffic Regs,TRAFFIC REGS,18-24,M,BLACK,0,BRONX,40,1007770,237315,40.81801918,-73.9150258,POINT (-73.9150258 40.81801918)
268125437,5/11/23,JAYWALKING,45386,Traffic Regs,TRAFFIC REGS,45-64,M,ASIAN / PACIFIC ISLANDER,0,BROOKLYN,70,993744,171879,40.63843962,-73.96579193,POINT (-73.96579193 40.63843962)
268197270,5/12/23,JAYWALKING,45386,Traffic Regs,TRAFFIC REGS,18-24,M,BLACK,0,QUEENS,113,1044258,189029,40.685317,-73.78363,POINT (-73.78363 40.685317)
268178490,5/12/23,JAYWALKING,45386,Traffic Regs,TRAFFIC REGS,25-44,M,BLACK,0,BROOKLYN,69,1006773,170446,40.63448279,-73.91885161,POINT (-73.91885161 40.63448279)
268135752,5/12/23,JAYWALKING,45386,Traffic Regs,TRAFFIC REGS,25-44,M,BLACK HISPANIC,0,MANHATTAN,33,1000669,243398,40.83473133,-73.94066574,POINT (-73.94066574 40.83473133)
268206527,5/12/23,JAYWALKING,45386,Traffic Regs,TRAFFIC REGS,18-24,M,BLACK,0,MANHATTAN,34,1002443,248462,40.84862705,-73.93424121,POINT (-73.93424121 40.84862705)
268212936,5/13/23,JAYWALKING,45386,Traffic Regs,TRAFFIC REGS,<18,M,WHITE HISPANIC,0,MANHATTAN,32,1000227,236101,40.814706,-73.942277,POINT (-73.942277 40.814706)
268275097,5/14/23,JAYWALKING,45386,Traffic Regs,TRAFFIC REGS,18-24,M,BLACK,2,BROOKLYN,79,999067,193149,40.696816,-73.946564,POINT (-73.946564 40.696816)
268357101,5/14/23,JAYWALKING,45386,Traffic Regs,TRAFFIC REGS,25-44,M,BLACK,0,QUEENS,103,1042136,193123,40.69656543,-73.79124747,POINT (-73.79124747 40.69656543)
268357104,5/16/23,JAYWALKING,45386,Traffic Regs,TRAFFIC REGS,18-24,M,BLACK,0,BROOKLYN,70,995356,176168,40.65021012,-73.95997663,POINT (-73.95997663 40.65021012)
268425680,5/17/23,JAYWALKING,45386,Traffic Regs,TRAFFIC REGS,18-24,M,BLACK,2,BROOKLYN,84,988740,194815,40.701399,-73.983806,POINT (-73.983806 40.701399)
268421954,5/17/23,JAYWALKING,45386,Traffic Regs,TRAFFIC REGS,18-24,M,BLACK,0,QUEENS,103,1040897,196247,40.70514808,-73.79568935,POINT (-73.79568935 40.70514808)
268523827,5/19/23,JAYWALKING,45386,Traffic Regs,TRAFFIC REGS,18-24,M,BLACK,0,BROOKLYN,84,988475,194830,40.70143906,-73.98476241,POINT (-73.98476241 40.70143906)
268579614,5/20/23,JAYWALKING,45386,Traffic Regs,TRAFFIC REGS,18-24,M,WHITE HISPANIC,0,BROOKLYN,77,1001868,183705,40.67088696,-73.93648925,POINT (-73.93648925 40.67088696)
268576208,5/20/23,JAYWALKING,45386,Traffic Regs,TRAFFIC REGS,18-24,M,BLACK,0,BROOKLYN,77,1003404,183595,40.67058184,-73.93095247,POINT (-73.93095247 40.67058184)
268579615,5/20/23,JAYWALKING,45386,Traffic Regs,TRAFFIC REGS,18-24,M,BLACK,0,BROOKLYN,77,1001868,183705,40.67088696,-73.93648925,POINT (-73.93648925 40.67088696)
268613153,5/21/23,JAYWALKING,45386,Traffic Regs,TRAFFIC REGS,25-44,M,WHITE HISPANIC,2,BROOKLYN,81,1001856,193159,40.696838,-73.936507,POINT (-73.936507 40.696838)
268649162,5/22/23,JAYWALKING,45386,Traffic Regs,TRAFFIC REGS,25-44,M,WHITE,0,MANHATTAN,14,986712,213570,40.752877,-73.991111,POINT (-73.991111 40.752877)
268684853,5/22/23,JAYWALKING,45386,Traffic Regs,TRAFFIC REGS,25-44,M,BLACK,2,BROOKLYN,79,1000354,189925,40.68796233,-73.94193217,POINT (-73.94193217 40.68796233)
268636222,5/22/23,JAYWALKING,45386,Traffic Regs,TRAFFIC REGS,18-24,M,BLACK,0,BROOKLYN,84,988668,190715,40.69014424,-73.98406905,POINT (-73.98406905 40.69014424)
268742314,5/23/23,JAYWALKING,45386,Traffic Regs,TRAFFIC REGS,18-24,M,WHITE HISPANIC,0,MANHATTAN,33,1000900,244770,40.83849664,-73.93982756,POINT (-73.93982756 40.83849664)
268742315,5/23/23,JAYWALKING,45386,Traffic Regs,TRAFFIC REGS,18-24,M,WHITE HISPANIC,0,MANHATTAN,33,1000900,244770,40.83849664,-73.93982756,POINT (-73.93982756 40.83849664)
268702173,5/23/23,JAYWALKING,45386,Traffic Regs,TRAFFIC REGS,18-24,M,BLACK,0,BROOKLYN,84,988983,194223,40.69977273,-73.98293072,POINT (-73.98293072 40.69977273)
268718509,5/23/23,JAYWALKING,45386,Traffic Regs,TRAFFIC REGS,25-44,M,BLACK HISPANIC,0,MANHATTAN,33,999587,243998,40.8363801,-73.94457445,POINT (-73.94457445 40.8363801)
268813293,5/24/23,JAYWALKING,45386,Traffic Regs,TRAFFIC REGS,<18,M,BLACK,0,BRONX,47,1030642,263299,40.88924688,-73.83221307,POINT (-73.83221307 40.88924688)
268838089,5/24/23,JAYWALKING,45386,Traffic Regs,TRAFFIC REGS,25-44,M,BLACK,2,BROOKLYN,79,1000926,193835,40.698695,-73.939859,POINT (-73.939859 40.698695)
268937855,5/27/23,JAYWALKING,45386,Traffic Regs,TRAFFIC REGS,18-24,M,BLACK,0,BROOKLYN,70,996803,172312,40.6396243,-73.95476916,POINT (-73.95476916 40.6396243)
268931572,5/27/23,JAYWALKING,45386,Traffic Regs,TRAFFIC REGS,45-64,M,BLACK,0,MANHATTAN,28,998627,231232,40.801344,-73.948071,POINT (-73.948071 40.801344)
268943415,5/28/23,JAYWALKING,45386,Traffic Regs,TRAFFIC REGS,18-24,F,BLACK,0,QUEENS,110,1015639,211574,40.74734258,-73.8867166,POINT (-73.8867166 40.74734258)
268965331,5/28/23,JAYWALKING,45386,Traffic Regs,TRAFFIC REGS,25-44,M,BLACK,0,BRONX,47,1024142,265902,40.896424,-73.855704,POINT (-73.855704 40.896424)
268974256,5/29/23,JAYWALKING,45386,Traffic Regs,TRAFFIC REGS,25-44,M,WHITE,0,MANHATTAN,17,993931,215259,40.757508,-73.965055,POINT (-73.965055 40.757508)
269055736,5/30/23,JAYWALKING,45386,Traffic Regs,TRAFFIC REGS,18-24,M,BLACK HISPANIC,0,MANHATTAN,33,1001795,246381,40.84291663,-73.93658885,POINT (-73.93658885 40.84291663)
269067093,5/31/23,JAYWALKING,45386,Traffic Regs,TRAFFIC REGS,25-44,M,BLACK,0,BROOKLYN,84,988338,189312,40.68629349,-73.98525985,POINT (-73.98525985 40.68629349)
269155219,5/31/23,JAYWALKING,45386,Traffic Regs,TRAFFIC REGS,18-24,M,BLACK,2,BROOKLYN,84,988466,194673,40.701008,-73.984794,POINT (-73.984794 40.701008)
269257565,6/2/23,JAYWALKING,45386,Traffic Regs,TRAFFIC REGS,25-44,F,WHITE HISPANIC,0,MANHATTAN,14,987403,215746,40.758849,-73.988616,POINT (-73.988616 40.758849)
269241132,6/2/23,JAYWALKING,45386,Traffic Regs,TRAFFIC REGS,18-24,M,WHITE HISPANIC,0,MANHATTAN,23,1000846,226964,40.78962425,-73.94006674,POINT (-73.94006674 40.78962425)
269395972,6/2/23,JAYWALKING,45386,Traffic Regs,TRAFFIC REGS,18-24,M,WHITE HISPANIC,0,MANHATTAN,28,997790,230775,40.80008963,-73.95109521,POINT (-73.95109521 40.80008963)
269241619,6/2/23,JAYWALKING,45386,Traffic Regs,TRAFFIC REGS,18-24,M,BLACK,0,MANHATTAN,23,1000846,226964,40.78962425,-73.94006674,POINT (-73.94006674 40.78962425)
269272144,6/3/23,JAYWALKING,45386,Traffic Regs,TRAFFIC REGS,18-24,M,BLACK HISPANIC,0,QUEENS,114,999760,214279,40.75480922,-73.9440179,POINT (-73.9440179 40.75480922)
269278145,6/3/23,JAYWALKING,45386,Traffic Regs,TRAFFIC REGS,18-24,M,WHITE HISPANIC,0,MANHATTAN,25,1000344,230118,40.798284,-73.94187,POINT (-73.94187 40.798284)
269245072,6/3/23,JAYWALKING,45386,Traffic Regs,TRAFFIC REGS,25-44,M,BLACK,0,MANHATTAN,6,983410,206407,40.73321611,-74.00303092,POINT (-74.00303092 40.73321611)
269332111,6/4/23,JAYWALKING,45386,Traffic Regs,TRAFFIC REGS,25-44,M,BLACK,2,BROOKLYN,79,1000180,193720,40.698381,-73.94255,POINT (-73.94255 40.698381)
269764953,6/5/23,JAYWALKING,45386,Traffic Regs,TRAFFIC REGS,18-24,M,BLACK,0,BRONX,52,1011612,253618,40.86275507,-73.90107874,POINT (-73.90107874 40.86275507)
269516962,6/7/23,JAYWALKING,45386,Traffic Regs,TRAFFIC REGS,18-24,M,WHITE HISPANIC,2,BROOKLYN,90,1000896,194740,40.701178,-73.939965,POINT (-73.939965 40.701178)
269478623,6/7/23,JAYWALKING,45386,Traffic Regs,TRAFFIC REGS,<18,M,BLACK,2,BROOKLYN,75,1012448,182122,40.666515,-73.898355,POINT (-73.898355 40.666515)
269539083,6/8/23,JAYWALKING,45386,Traffic Regs,TRAFFIC REGS,25-44,M,BLACK,0,MANHATTAN,25,1001446,234215,40.80952512,-73.93788139,POINT (-73.93788139 40.80952512)
269522635,6/8/23,JAYWALKING,45386,Traffic Regs,TRAFFIC REGS,25-44,M,WHITE,0,BROOKLYN,61,992391,154409,40.590491,-73.970687,POINT (-73.970687 40.590491)
269584508,6/8/23,JAYWALKING,45386,Traffic Regs,TRAFFIC REGS,45-64,F,WHITE,0,STATEN ISLAND,120,955774,163422,40.61518626,-74.10256686,POINT (-74.10256686 40.61518626)
269616447,6/10/23,JAYWALKING,45386,Traffic Regs,TRAFFIC REGS,25-44,M,BLACK,0,MANHATTAN,25,999967,230491,40.79930652,-73.94323283,POINT (-73.94323283 40.79930652)
269957206,6/13/23,JAYWALKING,45386,Traffic Regs,TRAFFIC REGS,18-24,M,BLACK,0,MANHATTAN,33,1000544,243173,40.834114,-73.94111801,POINT (-73.94111801 40.834114)
269754403,6/13/23,JAYWALKING,45386,Traffic Regs,TRAFFIC REGS,25-44,M,BLACK,0,QUEENS,103,1040897,196247,40.70514808,-73.79568935,POINT (-73.79568935 40.70514808)
269809142,6/14/23,JAYWALKING,45386,Traffic Regs,TRAFFIC REGS,45-64,F,BLACK,0,BROOKLYN,88,994019,188128,40.68303923,-73.96477753,POINT (-73.96477753 40.68303923)
270171121,6/15/23,JAYWALKING,45386,Traffic Regs,TRAFFIC REGS,25-44,M,BLACK,0,BROOKLYN,81,1001140,190045,40.68829024,-73.93909771,POINT (-73.93909771 40.68829024)
269968816,6/16/23,JAYWALKING,45386,Traffic Regs,TRAFFIC REGS,25-44,M,WHITE HISPANIC,0,BRONX,40,1005945,235372,40.812693,-73.921623,POINT (-73.921623 40.812693)
270027605,6/17/23,JAYWALKING,45386,Traffic Regs,TRAFFIC REGS,18-24,M,BLACK,0,QUEENS,114,1003021,216517,40.760948,-73.932239,POINT (-73.932239 40.760948)
270006066,6/17/23,JAYWALKING,45386,Traffic Regs,TRAFFIC REGS,25-44,M,BLACK,0,MANHATTAN,23,999452,228508,40.793866,-73.945095,POINT (-73.945095 40.793866)
270150787,6/20/23,JAYWALKING,45386,Traffic Regs,TRAFFIC REGS,25-44,M,BLACK,0,MANHATTAN,25,1001128,232587,40.80505732,-73.93903422,POINT (-73.93903422 40.80505732)
270204297,6/21/23,JAYWALKING,45386,Traffic Regs,TRAFFIC REGS,18-24,M,BLACK,2,BROOKLYN,81,1000876,191778,40.69305,-73.940044,POINT (-73.940044 40.69305)
270204298,6/21/23,JAYWALKING,45386,Traffic Regs,TRAFFIC REGS,18-24,M,BLACK,2,BROOKLYN,81,1000876,191778,40.69305,-73.940044,POINT (-73.940044 40.69305)
270204296,6/21/23,JAYWALKING,45386,Traffic Regs,TRAFFIC REGS,18-24,M,BLACK,2,BROOKLYN,81,1000876,191778,40.69305,-73.940044,POINT (-73.940044 40.69305)
270204295,6/21/23,JAYWALKING,45386,Traffic Regs,TRAFFIC REGS,18-24,M,BLACK,2,BROOKLYN,81,1000876,191778,40.69305,-73.940044,POINT (-73.940044 40.69305)
270292677,6/22/23,JAYWALKING,45386,Traffic Regs,TRAFFIC REGS,25-44,M,BLACK HISPANIC,0,MANHATTAN,33,1001720,247959,40.84724792,-73.93685581,POINT (-73.93685581 40.84724792)
270268064,6/22/23,JAYWALKING,45386,Traffic Regs,TRAFFIC REGS,25-44,M,WHITE HISPANIC,0,MANHATTAN,33,1001720,247959,40.84724792,-73.93685581,POINT (-73.93685581 40.84724792)
270275310,6/22/23,JAYWALKING,45386,Traffic Regs,TRAFFIC REGS,25-44,M,BLACK,0,QUEENS,105,1056503,179847,40.660021,-73.739576,POINT (-73.739576 40.660021)
270495268,6/28/23,JAYWALKING,45386,Traffic Regs,TRAFFIC REGS,<18,M,BLACK,0,BROOKLYN,69,1008410,173987,40.64419776,-73.91294097,POINT (-73.91294097 40.64419776)
270843294,6/30/23,JAYWALKING,45386,Traffic Regs,TRAFFIC REGS,18-24,M,BLACK,2,QUEENS,114,1001100,215871,40.75917641,-73.93917729,POINT (-73.9391772902826 40.759176408673845)
270686211,7/1/23,JAYWALKING,45386,Traffic Regs,TRAFFIC REGS,25-44,F,BLACK,0,MANHATTAN,34,1005689,253487,40.86241189,-73.92249244,POINT (-73.92249244372367 40.862411887875936)
270843293,7/2/23,JAYWALKING,45386,Traffic Regs,TRAFFIC REGS,18-24,M,WHITE HISPANIC,2,QUEENS,114,1002652,215969,40.759442,-73.933574,POINT (-73.933574 40.759442)
270685329,7/2/23,JAYWALKING,45386,Traffic Regs,TRAFFIC REGS,18-24,M,BLACK,0,MANHATTAN,28,997392,231914,40.80321647,-73.95253051,POINT (-73.95253051145288 40.80321647365228)
270758132,7/3/23,JAYWALKING,45386,Traffic Regs,TRAFFIC REGS,18-24,M,BLACK,0,MANHATTAN,28,996959,232155,40.803881,-73.954092,POINT (-73.954092 40.803881)
270761104,7/4/23,JAYWALKING,45386,Traffic Regs,TRAFFIC REGS,25-44,M,BLACK,0,MANHATTAN,13,986961,210445,40.744299,-73.990215,POINT (-73.990215 40.744299)
270815184,7/4/23,JAYWALKING,45386,Traffic Regs,TRAFFIC REGS,18-24,M,WHITE HISPANIC,0,BRONX,50,1010508,258691,40.876683,-73.905048,POINT (-73.905048 40.876683)
271079162,7/7/23,JAYWALKING,45386,Traffic Regs,TRAFFIC REGS,45-64,M,BLACK,1,MANHATTAN,1,981720,197691,40.70929248,-74.0091256,POINT (-74.00912559558294 40.70929248117298)
271223821,7/8/23,JAYWALKING,45386,Traffic Regs,TRAFFIC REGS,25-44,M,WHITE HISPANIC,2,BRONX,40,1007292,238953,40.822517,-73.916746,POINT (-73.916746 40.822517)
271221142,7/8/23,JAYWALKING,45386,Traffic Regs,TRAFFIC REGS,25-44,M,WHITE HISPANIC,2,BRONX,40,1007292,238953,40.822517,-73.916746,POINT (-73.916746 40.822517)
271015793,7/9/23,JAYWALKING,45386,Traffic Regs,TRAFFIC REGS,18-24,M,BLACK,0,MANHATTAN,25,1001963,233039,40.80629631,-73.93601689,POINT (-73.9360168931391 40.806296307097966)
271282738,7/11/23,JAYWALKING,45386,Traffic Regs,TRAFFIC REGS,<18,M,BLACK,0,MANHATTAN,25,1000233,230965,40.80060705,-73.94227095,POINT (-73.9422709548309 40.800607046736005)
271136100,7/11/23,JAYWALKING,45386,Traffic Regs,TRAFFIC REGS,18-24,M,BLACK,0,MANHATTAN,25,1000233,230965,40.80060705,-73.94227095,POINT (-73.9422709548309 40.800607046736005)
271226219,7/12/23,JAYWALKING,45386,Traffic Regs,TRAFFIC REGS,25-44,F,BLACK,1,MANHATTAN,25,1001575,232339,40.80437577,-73.93742024,POINT (-73.93742023722204 40.804375769710255)
271240577,7/12/23,JAYWALKING,45386,Traffic Regs,TRAFFIC REGS,45-64,M,WHITE HISPANIC,1,QUEENS,109,1032153,215172,40.75714412,-73.82709181,POINT (-73.82709180847264 40.757144122962195)
271288128,7/13/23,JAYWALKING,45386,Traffic Regs,TRAFFIC REGS,25-44,M,WHITE HISPANIC,0,MANHATTAN,33,999897,242935,40.833462,-73.943455,POINT (-73.943455 40.833462)
271445433,7/17/23,JAYWALKING,45386,Traffic Regs,TRAFFIC REGS,<18,M,WHITE,0,BROOKLYN,70,996399,164589,40.61842686,-73.95623876,POINT (-73.95623875768355 40.618426864722444)
271445434,7/17/23,JAYWALKING,45386,Traffic Regs,TRAFFIC REGS,18-24,M,WHITE,0,BROOKLYN,70,996399,164589,40.61842686,-73.95623876,POINT (-73.95623875768355 40.618426864722444)
271523065,7/18/23,JAYWALKING,45386,Traffic Regs,TRAFFIC REGS,<18,M,BLACK,0,MANHATTAN,33,1000029,242245,40.83156785,-73.94298126,POINT (-73.94298126289985 40.83156784612919)
271670377,7/19/23,JAYWALKING,45386,Traffic Regs,TRAFFIC REGS,18-24,M,BLACK,0,BROOKLYN,75,1015896,180625,40.66239402,-73.88593453,POINT (-73.8859345293075 40.66239402499427)
271579099,7/19/23,JAYWALKING,45386,Traffic Regs,TRAFFIC REGS,18-24,M,WHITE HISPANIC,2,BROOKLYN,79,997758,193359,40.697394,-73.951286,POINT (-73.951286 40.697394)
271731377,7/21/23,JAYWALKING,45386,Traffic Regs,TRAFFIC REGS,25-44,M,BLACK,0,BRONX,40,1006614,233501,40.80755382,-73.91921497,POINT (-73.91921496573 40.80755382044926)
271980273,7/26/23,JAYWALKING,45386,Traffic Regs,TRAFFIC REGS,18-24,M,BLACK,0,MANHATTAN,28,996216,231648,40.80248805,-73.95677875,POINT (-73.95677874910633 40.80248804760781)
271934684,7/26/23,JAYWALKING,45386,Traffic Regs,TRAFFIC REGS,18-24,M,BLACK,0,MANHATTAN,28,996343,231877,40.80311642,-73.95631961,POINT (-73.95631961209877 40.803116416814376)
272084831,7/26/23,JAYWALKING,45386,Traffic Regs,TRAFFIC REGS,25-44,M,BLACK,0,QUEENS,113,1049691,187428,40.68088139,-73.76405755,POINT (-73.76405755064901 40.680881385549206)
272049861,7/29/23,JAYWALKING,45386,Traffic Regs,TRAFFIC REGS,25-44,M,BLACK HISPANIC,0,MANHATTAN,33,1001858,246496,40.843233,-73.936358,POINT (-73.936358 40.843233)
272285257,8/1/23,JAYWALKING,45386,Traffic Regs,TRAFFIC REGS,25-44,M,BLACK,0,MANHATTAN,28,997631,234200,40.80949055,-73.95166268,POINT (-73.95166267659963 40.80949055340687)
272354878,8/3/23,JAYWALKING,45386,Traffic Regs,TRAFFIC REGS,25-44,F,WHITE,0,BRONX,41,1013557,237441,40.81834771,-73.89411772,POINT (-73.89411772262756 40.8183477115223)
272354895,8/3/23,JAYWALKING,45386,Traffic Regs,TRAFFIC REGS,25-44,M,BLACK,0,MANHATTAN,18,989545,215900,40.75927048,-73.98088684,POINT (-73.98088684394887 40.759270477062934)
272354889,8/3/23,JAYWALKING,45386,Traffic Regs,TRAFFIC REGS,18-24,M,WHITE HISPANIC,0,MANHATTAN,25,1000275,229995,40.79794459,-73.94212157,POINT (-73.94212156986028 40.79794458580428)
272444160,8/6/23,JAYWALKING,45386,Traffic Regs,TRAFFIC REGS,18-24,M,WHITE HISPANIC,0,MANHATTAN,7,986827,200572,40.71720013,-73.99070377,POINT (-73.99070377473507 40.717200125696515)
272927115,8/8/23,JAYWALKING,45386,Traffic Regs,TRAFFIC REGS,18-24,M,WHITE HISPANIC,0,QUEENS,115,1020035,213111,40.75154456,-73.87084321,POINT (-73.87084320922126 40.75154455706598)
272647625,8/9/23,JAYWALKING,45386,Traffic Regs,TRAFFIC REGS,18-24,M,WHITE HISPANIC,0,BRONX,40,1006384,233629,40.80790572,-73.92004537,POINT (-73.9200453676797 40.80790572411683)
272678335,8/10/23,JAYWALKING,45386,Traffic Regs,TRAFFIC REGS,18-24,M,BLACK,0,BRONX,47,1020990,256795,40.87144091,-73.86715728,POINT (-73.86715728320962 40.87144091196621)
272935690,8/10/23,JAYWALKING,45386,Traffic Regs,TRAFFIC REGS,<18,M,BLACK,2,BROOKLYN,79,999516,192804,40.695867,-73.944946,POINT (-73.944946 40.695867)
272763150,8/11/23,JAYWALKING,45386,Traffic Regs,TRAFFIC REGS,45-64,M,ASIAN / PACIFIC ISLANDER,0,QUEENS,109,1035905,218085,40.765119,-73.813526,POINT (-73.813526 40.765119)
272749994,8/11/23,JAYWALKING,45386,Traffic Regs,TRAFFIC REGS,45-64,M,BLACK HISPANIC,0,MANHATTAN,7,987923,201444,40.71959317,-73.98674961,POINT (-73.98674960750238 40.719593168995175)
272936163,8/15/23,JAYWALKING,45386,Traffic Regs,TRAFFIC REGS,25-44,M,BLACK,2,BROOKLYN,81,1002397,189962,40.688061,-73.934564,POINT (-73.934564 40.688061)
272935297,8/15/23,JAYWALKING,45386,Traffic Regs,TRAFFIC REGS,18-24,M,WHITE HISPANIC,0,BROOKLYN,60,984062,148717,40.57486976,-74.00067674,POINT (-74.00067674279293 40.574869755148875)
273001660,8/15/23,JAYWALKING,45386,Traffic Regs,TRAFFIC REGS,25-44,M,WHITE HISPANIC,1,QUEENS,115,1013949,214281,40.75477844,-73.89280388,POINT (-73.89280387542978 40.75477844337636)
272935298,8/15/23,JAYWALKING,45386,Traffic Regs,TRAFFIC REGS,18-24,M,BLACK,0,BROOKLYN,60,984062,148717,40.57486976,-74.00067674,POINT (-74.00067674279293 40.574869755148875)
273119136,8/19/23,JAYWALKING,45386,Traffic Regs,TRAFFIC REGS,25-44,M,WHITE HISPANIC,0,BROOKLYN,83,1007843,194013,40.69916615,-73.91491403,POINT (-73.9149140284842 40.69916614747374)
273155584,8/19/23,JAYWALKING,45386,Traffic Regs,TRAFFIC REGS,25-44,M,BLACK,2,BROOKLYN,79,999496,190300,40.6890014,-73.94502653,POINT (-73.9450265328727 40.68900139556)
273119122,8/19/23,JAYWALKING,45386,Traffic Regs,TRAFFIC REGS,25-44,M,BLACK HISPANIC,0,BROOKLYN,83,1007843,194013,40.69916615,-73.91491403,POINT (-73.9149140284842 40.69916614747374)
273244847,8/21/23,JAYWALKING,45386,Traffic Regs,TRAFFIC REGS,<18,M,BLACK,0,BROOKLYN,60,983355,149452,40.57688714,-74.00322182,POINT (-74.00322182496801 40.576887142623555)
273292085,8/23/23,JAYWALKING,45386,Traffic Regs,TRAFFIC REGS,<18,M,BLACK,0,MANHATTAN,24,994260,229982,40.79791777,-73.96384631,POINT (-73.96384631347463 40.797917765510576)
273488664,8/25/23,JAYWALKING,45386,Traffic Regs,TRAFFIC REGS,<18,M,BLACK,2,BROOKLYN,60,984533,149635,40.57738948,-73.99898125,POINT (-73.9989812476835 40.577389482287835)
273415509,8/25/23,JAYWALKING,45386,Traffic Regs,TRAFFIC REGS,25-44,M,BLACK,0,MANHATTAN,32,1001091,240445,40.8266254,-73.93914816,POINT (-73.93914815670928 40.826625401064284)
273488674,8/26/23,JAYWALKING,45386,Traffic Regs,TRAFFIC REGS,18-24,M,BLACK HISPANIC,0,MANHATTAN,14,987472,214939,40.756635,-73.98837,POINT (-73.98837 40.756635)
273503551,8/27/23,JAYWALKING,45386,Traffic Regs,TRAFFIC REGS,18-24,M,WHITE,0,QUEENS,112,1027498,202160,40.72145346,-73.84397787,POINT (-73.84397787334406 40.721453463981256)
273621691,8/29/23,JAYWALKING,45386,Traffic Regs,TRAFFIC REGS,25-44,M,BLACK,2,BROOKLYN,75,1016177,180128,40.66102886,-73.88492404,POINT (-73.88492404183455 40.66102886211856)
273802780,9/2/23,JAYWALKING,45386,Traffic Regs,TRAFFIC REGS,25-44,M,WHITE HISPANIC,0,BROOKLYN,70,995708,176233,40.65038809,-73.958708,POINT (-73.95870799934544 40.65038808850883)
273820233,9/2/23,JAYWALKING,45386,Traffic Regs,TRAFFIC REGS,25-44,M,WHITE HISPANIC,0,MANHATTAN,30,997073,238764,40.82201828,-73.95366967,POINT (-73.95366966707019 40.822018281123995)
274267393,9/3/23,JAYWALKING,45386,Traffic Regs,TRAFFIC REGS,45-64,M,BLACK,0,MANHATTAN,28,996089,231418,40.80185693,-73.95723788,POINT (-73.95723787920869 40.80185693178382)
273922144,9/4/23,JAYWALKING,45386,Traffic Regs,TRAFFIC REGS,25-44,M,BLACK,0,MANHATTAN,32,1000622,235883,40.81410488,-73.94085393,POINT (-73.94085393110794 40.814104882666705)
273901616,9/5/23,JAYWALKING,45386,Traffic Regs,TRAFFIC REGS,25-44,M,BLACK,0,MANHATTAN,5,985718,202069,40.72130928,-73.99470404,POINT (-73.99470403566707 40.72130928402614)
273901615,9/5/23,JAYWALKING,45386,Traffic Regs,TRAFFIC REGS,25-44,M,BLACK,0,MANHATTAN,5,985467,203320,40.724743,-73.995606,POINT (-73.995606 40.724743)
273939581,9/5/23,JAYWALKING,45386,Traffic Regs,TRAFFIC REGS,18-24,M,BLACK HISPANIC,0,MANHATTAN,33,1001730,246718,40.843844,-73.936821,POINT (-73.936821 40.843844)
273996263,9/5/23,JAYWALKING,45386,Traffic Regs,TRAFFIC REGS,18-24,M,BLACK,0,MANHATTAN,33,1000754,243054,40.83378699,-73.94035943,POINT (-73.94035942512461 40.833786992805464)
274008835,9/6/23,JAYWALKING,45386,Traffic Regs,TRAFFIC REGS,25-44,M,WHITE HISPANIC,0,MANHATTAN,33,1000866,243388,40.834706,-73.939954,POINT (-73.939954 40.834706)
274059682,9/7/23,JAYWALKING,45386,Traffic Regs,TRAFFIC REGS,25-44,M,WHITE HISPANIC,2,BROOKLYN,73,1010049,183477,40.67024109,-73.90699864,POINT (-73.90699864057031 40.67024109400334)
274049217,9/7/23,JAYWALKING,45386,Traffic Regs,TRAFFIC REGS,25-44,M,BLACK,2,BROOKLYN,73,1010001,183707,40.670873,-73.907168,POINT (-73.907168 40.670873)
274113665,9/8/23,JAYWALKING,45386,Traffic Regs,TRAFFIC REGS,45-64,M,WHITE,0,QUEENS,101,1046535,156374,40.59566784,-73.77572287,POINT (-73.77572287296877 40.59566784376927)
274164049,9/9/23,JAYWALKING,45386,Traffic Regs,TRAFFIC REGS,25-44,M,ASIAN / PACIFIC ISLANDER,0,MANHATTAN,30,999893,241998,40.83089014,-73.94347329,POINT (-73.94347328611317 40.83089014410396)
274298297,9/12/23,JAYWALKING,45386,Traffic Regs,TRAFFIC REGS,18-24,M,BLACK,0,MANHATTAN,28,996784,233622,40.807907,-73.95472,POINT (-73.95472 40.807907)
274298298,9/12/23,JAYWALKING,45386,Traffic Regs,TRAFFIC REGS,18-24,M,BLACK,0,MANHATTAN,28,996784,233622,40.807907,-73.95472,POINT (-73.95472 40.807907)
274378286,9/13/23,JAYWALKING,45386,Traffic Regs,TRAFFIC REGS,25-44,M,WHITE HISPANIC,0,MANHATTAN,14,987472,214939,40.756635,-73.98837,POINT (-73.98837 40.756635)
274442137,9/13/23,JAYWALKING,45386,Traffic Regs,TRAFFIC REGS,25-44,M,BLACK HISPANIC,0,BROOKLYN,70,995876,174823,40.64651773,-73.958105,POINT (-73.95810499625229 40.64651772543904)
274500808,9/14/23,JAYWALKING,45386,Traffic Regs,TRAFFIC REGS,25-44,M,WHITE,0,BROOKLYN,76,986368,190549,40.68968947,-73.99236272,POINT (-73.99236271577318 40.68968946717348)
274454951,9/14/23,JAYWALKING,45386,Traffic Regs,TRAFFIC REGS,<18,M,BLACK,0,BROOKLYN,75,1015621,181414,40.664561,-73.886919,POINT (-73.886919 40.664561)
274504828,9/15/23,JAYWALKING,45386,Traffic Regs,TRAFFIC REGS,18-24,M,BLACK,0,BRONX,42,1009516,239520,40.82406646,-73.90870948,POINT (-73.90870947674776 40.824066458479436)
274572387,9/17/23,JAYWALKING,45386,Traffic Regs,TRAFFIC REGS,25-44,M,WHITE HISPANIC,0,QUEENS,110,1017225,209572,40.74184182,-73.88100252,POINT (-73.8810025231725 40.741841824897115)
274713337,9/20/23,JAYWALKING,45386,Traffic Regs,TRAFFIC REGS,25-44,M,WHITE,0,MANHATTAN,25,1001039,232955,40.806069,-73.939352,POINT (-73.939352 40.806069)
274766291,9/21/23,JAYWALKING,45386,Traffic Regs,TRAFFIC REGS,25-44,M,WHITE HISPANIC,0,QUEENS,115,1020429,212242,40.74915777,-73.86942584,POINT (-73.8694258444689 40.74915777082326)
274818675,9/22/23,JAYWALKING,45386,Traffic Regs,TRAFFIC REGS,25-44,M,BLACK,0,QUEENS,103,1042297,192834,40.695773,-73.790667,POINT (-73.790667 40.695773)
274852697,9/23/23,JAYWALKING,45386,Traffic Regs,TRAFFIC REGS,18-24,M,WHITE HISPANIC,0,QUEENS,110,1019077,212054,40.74865,-73.874306,POINT (-73.874306 40.74865)
274886026,9/24/23,JAYWALKING,45386,Traffic Regs,TRAFFIC REGS,25-44,M,BLACK HISPANIC,0,MANHATTAN,33,1002452,246619,40.84356854,-73.93421368,POINT (-73.93421368237416 40.843568542965166)
274932701,9/25/23,JAYWALKING,45386,Traffic Regs,TRAFFIC REGS,<18,M,BLACK,0,MANHATTAN,32,1000977,238383,40.82096601,-73.93956521,POINT (-73.93956521485524 40.82096601394009)
275106668,9/27/23,JAYWALKING,45386,Traffic Regs,TRAFFIC REGS,<18,M,BLACK,0,QUEENS,114,1003204,216794,40.76170555,-73.93157997,POINT (-73.9315799738943 40.761705546024395)
275074473,9/27/23,JAYWALKING,45386,Traffic Regs,TRAFFIC REGS,45-64,M,WHITE HISPANIC,1,QUEENS,109,1030217,217020,40.76222668,-73.83406724,POINT (-73.83406724128062 40.76222667744563)
275169357,9/29/23,JAYWALKING,45386,Traffic Regs,TRAFFIC REGS,25-44,M,BLACK,2,BROOKLYN,79,999567,189806,40.6876371,-73.94477021,POINT (-73.94477021268119 40.68763710272673)
275175157,9/29/23,JAYWALKING,45386,Traffic Regs,TRAFFIC REGS,25-44,M,BLACK HISPANIC,0,MANHATTAN,33,999664,244252,40.83707713,-73.94429561,POINT (-73.9442956086393 40.83707712556259)
275204741,9/30/23,JAYWALKING,45386,Traffic Regs,TRAFFIC REGS,25-44,M,BLACK,2,BROOKLYN,79,1000301,192923,40.696192,-73.942116,POINT (-73.942116 40.696192)
275199177,9/30/23,JAYWALKING,45386,Traffic Regs,TRAFFIC REGS,25-44,M,BLACK,0,MANHATTAN,13,985850,210155,40.743504,-73.994224,POINT (-73.994224 40.743504)
275339817,10/1/23,JAYWALKING,45386,Traffic Regs,TRAFFIC REGS,18-24,M,BLACK,0,QUEENS,114,1000091,214734,40.7560575,-73.94282211,POINT (-73.94282211143165 40.75605750004504)
275244192,10/1/23,JAYWALKING,45386,Traffic Regs,TRAFFIC REGS,18-24,M,BLACK HISPANIC,0,MANHATTAN,33,1002590,246866,40.8442462,-73.93371424,POINT (-73.93371424251394 40.84424619986629)
275339815,10/1/23,JAYWALKING,45386,Traffic Regs,TRAFFIC REGS,18-24,M,BLACK,0,QUEENS,114,1000091,214734,40.7560575,-73.94282211,POINT (-73.94282211143165 40.75605750004504)
275351591,10/3/23,JAYWALKING,45386,Traffic Regs,TRAFFIC REGS,<18,M,BLACK,2,BROOKLYN,79,1000301,192923,40.696192,-73.942116,POINT (-73.942116 40.696192)
275351581,10/3/23,JAYWALKING,45386,Traffic Regs,TRAFFIC REGS,25-44,M,BLACK,2,BROOKLYN,79,1000301,192923,40.696192,-73.942116,POINT (-73.942116 40.696192)
275354886,10/3/23,JAYWALKING,45386,Traffic Regs,TRAFFIC REGS,45-64,M,BLACK,0,MANHATTAN,28,997670,230545,40.79945853,-73.9515291,POINT (-73.9515290994865 40.79945852597397)
275339818,10/3/23,JAYWALKING,45386,Traffic Regs,TRAFFIC REGS,18-24,M,BLACK,2,BROOKLYN,73,1010049,183477,40.67024109,-73.90699864,POINT (-73.90699864057031 40.67024109400334)
275349209,10/3/23,JAYWALKING,45386,Traffic Regs,TRAFFIC REGS,<18,M,BLACK,0,MANHATTAN,24,992726,227204,40.79029451,-73.96939025,POINT (-73.96939025412665 40.79029451203716)
275427219,10/5/23,JAYWALKING,45386,Traffic Regs,TRAFFIC REGS,<18,M,WHITE HISPANIC,0,MANHATTAN,25,1001502,231160,40.80113988,-73.93768695,POINT (-73.93768695042655 40.80113988172211)
275506070,10/6/23,JAYWALKING,45386,Traffic Regs,TRAFFIC REGS,25-44,M,WHITE HISPANIC,0,BROOKLYN,72,981154,171500,40.63740389,-74.0111551,POINT (-74.0111551016805 40.63740389359873)
275506071,10/6/23,JAYWALKING,45386,Traffic Regs,TRAFFIC REGS,25-44,M,WHITE HISPANIC,0,BROOKLYN,72,979306,172969,40.64143515,-74.01781465,POINT (-74.01781464949576 40.641435145615965)
275704462,10/6/23,JAYWALKING,45386,Traffic Regs,TRAFFIC REGS,18-24,M,BLACK,0,BROOKLYN,70,995869,164512,40.61821623,-73.95814797,POINT (-73.95814797364747 40.61821622663586)
275583124,10/7/23,JAYWALKING,45386,Traffic Regs,TRAFFIC REGS,45-64,M,BLACK,0,BROOKLYN,75,1019699,188375,40.6836516,-73.87218618,POINT (-73.87218617994516 40.68365160339583)
275583122,10/7/23,JAYWALKING,45386,Traffic Regs,TRAFFIC REGS,18-24,M,BLACK,0,MANHATTAN,28,997385,231299,40.80152848,-73.952557,POINT (-73.95255699888203 40.80152847787514)
275583121,10/7/23,JAYWALKING,45386,Traffic Regs,TRAFFIC REGS,<18,M,BLACK,0,MANHATTAN,28,997385,231299,40.80152848,-73.952557,POINT (-73.95255699888203 40.80152847787514)
276082917,10/7/23,JAYWALKING,45386,Traffic Regs,TRAFFIC REGS,18-24,M,WHITE HISPANIC,0,BRONX,52,1012928,255180,40.86703811,-73.89631435,POINT (-73.89631435413959 40.867038108293045)
275586198,10/7/23,JAYWALKING,45386,Traffic Regs,TRAFFIC REGS,25-44,M,BLACK,0,BROOKLYN,69,1011603,174539,40.6457036,-73.90143297,POINT (-73.90143297324538 40.645703597681724)
275618802,10/8/23,JAYWALKING,45386,Traffic Regs,TRAFFIC REGS,45-64,M,BLACK,2,BROOKLYN,79,1000301,192923,40.696192,-73.942116,POINT (-73.942116 40.696192)
275774194,10/10/23,JAYWALKING,45386,Traffic Regs,TRAFFIC REGS,25-44,M,BLACK,0,MANHATTAN,25,1002640,231748,40.80275148,-73.93357496,POINT (-73.93357496293187 40.80275148499169)
275722329,10/10/23,JAYWALKING,45386,Traffic Regs,TRAFFIC REGS,18-24,M,BLACK,0,BROOKLYN,88,992440,189270,40.68617537,-73.97046928,POINT (-73.97046928111624 40.68617536994482)
275708346,10/10/23,JAYWALKING,45386,Traffic Regs,TRAFFIC REGS,45-64,M,WHITE HISPANIC,0,MANHATTAN,34,1004367,254624,40.86553572,-73.9272684,POINT (-73.92726840202711 40.865535719276465)
275740188,10/11/23,JAYWALKING,45386,Traffic Regs,TRAFFIC REGS,25-44,M,BLACK,0,MANHATTAN,19,993626,219051,40.76791577,-73.96615142,POINT (-73.96615142268037 40.767915773333215)
275845919,10/12/23,JAYWALKING,45386,Traffic Regs,TRAFFIC REGS,18-24,M,BLACK,0,MANHATTAN,23,998969,229216,40.795809,-73.946837,POINT (-73.946837 40.795809)
275862659,10/12/23,JAYWALKING,45386,Traffic Regs,TRAFFIC REGS,25-44,M,BLACK,0,BRONX,43,1025754,240828,40.82759517,-73.85003071,POINT (-73.8500307141073 40.82759516763642)
275853418,10/12/23,JAYWALKING,45386,Traffic Regs,TRAFFIC REGS,18-24,M,BLACK,2,BROOKLYN,79,997241,193691,40.698304,-73.953147,POINT (-73.953147 40.698304)
275903831,10/13/23,JAYWALKING,45386,Traffic Regs,TRAFFIC REGS,25-44,M,WHITE HISPANIC,0,MANHATTAN,33,999769,242707,40.832839,-73.943917,POINT (-73.943917 40.832839)
275940820,10/14/23,JAYWALKING,45386,Traffic Regs,TRAFFIC REGS,18-24,M,BLACK,0,MANHATTAN,24,992455,228573,40.7940523,-73.97036726,POINT (-73.97036725563487 40.79405230340366)
276104242,10/17/23,JAYWALKING,45386,Traffic Regs,TRAFFIC REGS,25-44,M,WHITE,0,MANHATTAN,13,986753,210854,40.74542172,-73.9909669,POINT (-73.99096689618635 40.74542171631275)
276080918,10/17/23,JAYWALKING,45386,Traffic Regs,TRAFFIC REGS,18-24,M,BLACK,2,BROOKLYN,75,1012615,183981,40.67161661,-73.8977465,POINT (-73.89774649915194 40.6716166108025)
276075107,10/17/23,JAYWALKING,45386,Traffic Regs,TRAFFIC REGS,18-24,M,WHITE HISPANIC,2,BROOKLYN,79,1001404,193715,40.698364,-73.938133,POINT (-73.938133 40.698364)
276209015,10/18/23,JAYWALKING,45386,Traffic Regs,TRAFFIC REGS,25-44,M,WHITE HISPANIC,0,MANHATTAN,23,1000329,226031,40.78706438,-73.94193603,POINT (-73.94193602501157 40.78706437966085)
276289135,10/21/23,JAYWALKING,45386,Traffic Regs,TRAFFIC REGS,25-44,M,BLACK HISPANIC,0,MANHATTAN,33,1001799,247298,40.84543352,-73.936572,POINT (-73.93657200046846 40.84543352023403)
276289618,10/22/23,JAYWALKING,45386,Traffic Regs,TRAFFIC REGS,25-44,M,BLACK,0,BROOKLYN,67,998552,172619,40.640466,-73.948464,POINT (-73.948464 40.640466)
276648909,10/24/23,JAYWALKING,45386,Traffic Regs,TRAFFIC REGS,25-44,M,BLACK,0,MANHATTAN,28,997535,230317,40.79883293,-73.95201715,POINT (-73.95201714895177 40.79883293224151)
276490436,10/25/23,JAYWALKING,45386,Traffic Regs,TRAFFIC REGS,25-44,M,BLACK,0,MANHATTAN,28,997535,230317,40.79883293,-73.95201715,POINT (-73.95201714895177 40.79883293224151)
276487242,10/25/23,JAYWALKING,45386,Traffic Regs,TRAFFIC REGS,25-44,F,WHITE HISPANIC,0,MANHATTAN,14,987106,213353,40.75228073,-73.98969189,POINT (-73.98969188939078 40.75228073487896)
276487241,10/25/23,JAYWALKING,45386,Traffic Regs,TRAFFIC REGS,25-44,F,WHITE HISPANIC,0,MANHATTAN,14,987106,213353,40.75228073,-73.98969189,POINT (-73.98969188939078 40.75228073487896)
276490736,10/26/23,JAYWALKING,45386,Traffic Regs,TRAFFIC REGS,<18,M,BLACK,0,MANHATTAN,25,1000817,233079,40.80640832,-73.94015639,POINT (-73.94015638777078 40.806408319230606)
276648207,10/26/23,JAYWALKING,45386,Traffic Regs,TRAFFIC REGS,18-24,M,BLACK,0,MANHATTAN,23,999643,228852,40.79480849,-73.94440682,POINT (-73.9444068205819 40.794808485294155)
276585780,10/27/23,JAYWALKING,45386,Traffic Regs,TRAFFIC REGS,25-44,M,BLACK HISPANIC,0,BROOKLYN,90,1000930,197100,40.70765497,-73.93983747,POINT (-73.93983746765778 40.707654965809354)
276648253,10/28/23,JAYWALKING,45386,Traffic Regs,TRAFFIC REGS,25-44,M,BLACK,0,MANHATTAN,32,1001624,239556,40.82418432,-73.93722456,POINT (-73.93722456230195 40.82418431716482)
276658032,10/29/23,JAYWALKING,45386,Traffic Regs,TRAFFIC REGS,45-64,M,BLACK,0,MANHATTAN,17,993499,213705,40.75324251,-73.96661726,POINT (-73.96661726413518 40.75324250965869)
276773849,10/31/23,JAYWALKING,45386,Traffic Regs,TRAFFIC REGS,25-44,M,BLACK,0,BROOKLYN,88,991471,192942,40.696257,-73.973958,POINT (-73.973958 40.696257)
276779771,11/1/23,JAYWALKING,45386,Traffic Regs,TRAFFIC REGS,45-64,M,WHITE HISPANIC,0,BROOKLYN,84,987912,194536,40.70063235,-73.98679305,POINT (-73.98679304740637 40.70063235296621)
276786217,11/1/23,JAYWALKING,45386,Traffic Regs,TRAFFIC REGS,18-24,M,BLACK,0,QUEENS,113,1041757,188022,40.68256688,-73.79265779,POINT (-73.79265778881333 40.6825668764123)
276903761,11/2/23,JAYWALKING,45386,Traffic Regs,TRAFFIC REGS,<18,M,BLACK,2,BROOKLYN,63,1005871,169993,40.633243,-73.922102,POINT (-73.922102 40.633243)
277006921,11/4/23,JAYWALKING,45386,Traffic Regs,TRAFFIC REGS,18-24,M,BLACK,0,MANHATTAN,28,999163,232156,40.80387789,-73.94613304,POINT (-73.9461330446697 40.80387788542742)
277006584,11/4/23,JAYWALKING,45386,Traffic Regs,TRAFFIC REGS,18-24,M,BLACK,0,MANHATTAN,28,999163,232156,40.80387789,-73.94613304,POINT (-73.9461330446697 40.80387788542742)
277006585,11/4/23,JAYWALKING,45386,Traffic Regs,TRAFFIC REGS,<18,M,BLACK,0,MANHATTAN,28,999163,232156,40.80387789,-73.94613304,POINT (-73.9461330446697 40.80387788542742)
277007702,11/5/23,JAYWALKING,45386,Traffic Regs,TRAFFIC REGS,18-24,M,BLACK,0,MANHATTAN,32,1000106,234958,40.81156696,-73.94272024,POINT (-73.94272023562813 40.8115669572281)
277143291,11/7/23,JAYWALKING,45386,Traffic Regs,TRAFFIC REGS,18-24,M,BLACK,2,BROOKLYN,76,982795,185469,40.675747,-74.005245,POINT (-74.005245 40.675747)
277144056,11/7/23,JAYWALKING,45386,Traffic Regs,TRAFFIC REGS,25-44,M,WHITE HISPANIC,0,MANHATTAN,33,1002452,246619,40.84356854,-73.93421368,POINT (-73.93421368237416 40.843568542965166)
277216744,11/8/23,JAYWALKING,45386,Traffic Regs,TRAFFIC REGS,25-44,M,BLACK HISPANIC,0,MANHATTAN,33,1002386,246975,40.844547,-73.934448,POINT (-73.934448 40.844547)
277286332,11/9/23,JAYWALKING,45386,Traffic Regs,TRAFFIC REGS,18-24,M,BLACK HISPANIC,0,BROOKLYN,83,1009350,190373,40.68917105,-73.90949274,POINT (-73.90949273959005 40.689171049867475)
277341036,11/10/23,JAYWALKING,45386,Traffic Regs,TRAFFIC REGS,25-44,F,WHITE HISPANIC,0,MANHATTAN,10,985808,215574,40.75837714,-73.99437622,POINT (-73.99437622331752 40.75837713874265)
277286995,11/10/23,JAYWALKING,45386,Traffic Regs,TRAFFIC REGS,25-44,F,BLACK HISPANIC,0,QUEENS,115,1015096,211497,40.74713315,-73.88867665,POINT (-73.88867664694139 40.74713314606731)
277286994,11/10/23,JAYWALKING,45386,Traffic Regs,TRAFFIC REGS,25-44,M,WHITE HISPANIC,0,QUEENS,115,1015096,211497,40.74713315,-73.88867665,POINT (-73.88867664694139 40.74713314606731)
277378470,11/11/23,JAYWALKING,45386,Traffic Regs,TRAFFIC REGS,25-44,M,WHITE HISPANIC,2,BROOKLYN,73,1011263,182761,40.66827221,-73.90262523,POINT (-73.90262523315641 40.668272214093875)
278545247,11/12/23,JAYWALKING,45386,Traffic Regs,TRAFFIC REGS,18-24,M,WHITE HISPANIC,0,BRONX,44,1003598,241661,40.82995784,-73.93008607,POINT (-73.93008607198803 40.829957836711046)
278610025,11/13/23,JAYWALKING,45386,Traffic Regs,TRAFFIC REGS,25-44,M,WHITE HISPANIC,0,BRONX,47,1021324,258111,40.87505153,-73.86594234,POINT (-73.86594234194568 40.87505152691257)
277455649,11/13/23,JAYWALKING,45386,Traffic Regs,TRAFFIC REGS,18-24,M,BLACK,0,QUEENS,113,1050370,187010,40.67972903,-73.76161358,POINT (-73.76161358215207 40.67972902874195)
277629035,11/15/23,JAYWALKING,45386,Traffic Regs,TRAFFIC REGS,25-44,M,BLACK HISPANIC,0,MANHATTAN,14,989348,213435,40.752505,-73.981597,POINT (-73.981597 40.752505)
277572564,11/15/23,JAYWALKING,45386,Traffic Regs,TRAFFIC REGS,25-44,M,BLACK,2,BROOKLYN,73,1008245,183796,40.67113,-73.91350206,POINT (-73.9135020552048 40.6711300016904)
277645029,11/16/23,JAYWALKING,45386,Traffic Regs,TRAFFIC REGS,25-44,M,BLACK,0,MANHATTAN,24,991925,228547,40.79398142,-73.97228141,POINT (-73.97228140520521 40.793981416649686)
277639420,11/16/23,JAYWALKING,45386,Traffic Regs,TRAFFIC REGS,25-44,M,BLACK,0,BROOKLYN,79,997953,189014,40.68546589,-73.95059156,POINT (-73.95059155687348 40.68546589042955)
277689116,11/17/23,JAYWALKING,45386,Traffic Regs,TRAFFIC REGS,18-24,M,BLACK,0,BROOKLYN,84,987801,192258,40.694381,-73.987194,POINT (-73.987194 40.694381)
277707089,11/17/23,JAYWALKING,45386,Traffic Regs,TRAFFIC REGS,25-44,M,WHITE HISPANIC,0,BRONX,44,1007534,243078,40.83383759,-73.91585844,POINT (-73.91585843990595 40.83383759333706)
277704601,11/17/23,JAYWALKING,45386,Traffic Regs,TRAFFIC REGS,45-64,M,WHITE,0,BROOKLYN,60,989914,150384,40.57944353,-73.97960993,POINT (-73.97960992709751 40.57944353484604)
277702632,11/17/23,JAYWALKING,45386,Traffic Regs,TRAFFIC REGS,18-24,M,WHITE HISPANIC,0,MANHATTAN,24,993480,230424,40.79913178,-73.96666288,POINT (-73.96666287602464 40.7991317841903)
277747514,11/18/23,JAYWALKING,45386,Traffic Regs,TRAFFIC REGS,18-24,M,WHITE HISPANIC,0,MANHATTAN,33,1001311,244556,40.83790849,-73.93834277,POINT (-73.93834277204974 40.83790848894613)
277747101,11/18/23,JAYWALKING,45386,Traffic Regs,TRAFFIC REGS,25-44,M,BLACK,2,BROOKLYN,79,1000301,192923,40.696192,-73.942116,POINT (-73.942116 40.696192)
277747504,11/18/23,JAYWALKING,45386,Traffic Regs,TRAFFIC REGS,18-24,M,BLACK,0,MANHATTAN,33,1001311,244556,40.83790849,-73.93834277,POINT (-73.93834277204974 40.83790848894613)
277827383,11/20/23,JAYWALKING,45386,Traffic Regs,TRAFFIC REGS,25-44,M,BLACK,2,BROOKLYN,90,1001428,195651,40.703679,-73.938044,POINT (-73.938044 40.703679)
277961152,11/22/23,JAYWALKING,45386,Traffic Regs,TRAFFIC REGS,25-44,F,WHITE HISPANIC,1,MANHATTAN,14,990507,214474,40.75535584,-73.97741568,POINT (-73.97741567711402 40.75535584267986)
277969045,11/23/23,JAYWALKING,45386,Traffic Regs,TRAFFIC REGS,25-44,M,WHITE,0,MANHATTAN,18,989925,216584,40.76114765,-73.9795146,POINT (-73.97951459534151 40.761147645900905)
278035548,11/24/23,JAYWALKING,45386,Traffic Regs,TRAFFIC REGS,18-24,M,BLACK,0,QUEENS,114,1002895,220799,40.77269889,-73.93268429,POINT (-73.93268428972686 40.772698886635716)
277988975,11/24/23,JAYWALKING,45386,Traffic Regs,TRAFFIC REGS,65+,M,WHITE HISPANIC,0,BRONX,42,1008690,238862,40.82227104,-73.91169778,POINT (-73.911697780277 40.8222710411331)
278115649,11/27/23,JAYWALKING,45386,Traffic Regs,TRAFFIC REGS,45-64,M,BLACK,0,QUEENS,103,1039125,192380,40.69454526,-73.80211197,POINT (-73.80211196857 40.69454526325203)
278251545,11/29/23,JAYWALKING,45386,Traffic Regs,TRAFFIC REGS,UNKNOWN,M,WHITE,0,MANHATTAN,18,990693,215862,40.75916541,-73.97674299,POINT (-73.97674298948706 40.75916541474338)
278414616,11/29/23,JAYWALKING,45386,Traffic Regs,TRAFFIC REGS,45-64,M,WHITE HISPANIC,0,MANHATTAN,7,988292,201010,40.718403,-73.985418,POINT (-73.985418 40.718403)
278271817,11/29/23,JAYWALKING,45386,Traffic Regs,TRAFFIC REGS,45-64,M,ASIAN / PACIFIC ISLANDER,0,MANHATTAN,18,989356,215558,40.758333,-73.981568,POINT (-73.981568 40.758333)
278364421,12/1/23,JAYWALKING,45386,Traffic Regs,TRAFFIC REGS,25-44,M,BLACK,0,MANHATTAN,33,1002062,247769,40.84672575,-73.93562018,POINT (-73.93562017903595 40.84672574980107)
278371712,12/2/23,JAYWALKING,45386,Traffic Regs,TRAFFIC REGS,25-44,M,WHITE HISPANIC,0,QUEENS,110,1023878,211559,40.74726833,-73.85698205,POINT (-73.85698205410861 40.74726832641043)
278403262,12/2/23,JAYWALKING,45386,Traffic Regs,TRAFFIC REGS,25-44,M,BLACK,0,MANHATTAN,26,996240,235791,40.81386,-73.956684,POINT (-73.956684 40.81386)
278539592,12/5/23,JAYWALKING,45386,Traffic Regs,TRAFFIC REGS,18-24,M,BLACK,0,BRONX,47,1023086,261145,40.88337133,-73.85955346,POINT (-73.8595534624646 40.88337132808791)
278610021,12/5/23,JAYWALKING,45386,Traffic Regs,TRAFFIC REGS,25-44,M,BLACK,0,BROOKLYN,84,989095,190490,40.689529,-73.982527,POINT (-73.982527 40.689529)
278583832,12/6/23,JAYWALKING,45386,Traffic Regs,TRAFFIC REGS,18-24,F,BLACK,0,BROOKLYN,60,986713,149102,40.57592616,-73.99113381,POINT (-73.99113380923099 40.5759261644496)
278673082,12/7/23,JAYWALKING,45386,Traffic Regs,TRAFFIC REGS,18-24,M,WHITE HISPANIC,0,QUEENS,115,1019341,213253,40.751938,-73.873344,POINT (-73.873344 40.751938)
278820472,12/9/23,JAYWALKING,45386,Traffic Regs,TRAFFIC REGS,25-44,M,BLACK,0,QUEENS,115,1018475,211969,40.74841623,-73.87647943,POINT (-73.87647943404744 40.748416233977714)
279730218,12/9/23,JAYWALKING,45386,Traffic Regs,TRAFFIC REGS,25-44,M,WHITE HISPANIC,0,BROOKLYN,90,1000163,197539,40.708862,-73.942599,POINT (-73.942599 40.708862)
278762145,12/9/23,JAYWALKING,45386,Traffic Regs,TRAFFIC REGS,25-44,M,WHITE HISPANIC,0,QUEENS,115,1019341,213253,40.751938,-73.873344,POINT (-73.873344 40.751938)
278934975,12/12/23,JAYWALKING,45386,Traffic Regs,TRAFFIC REGS,<18,M,BLACK,0,BROOKLYN,69,1008533,171003,40.63600699,-73.91250849,POINT (-73.91250849221507 40.63600698995639)
278892684,12/12/23,JAYWALKING,45386,Traffic Regs,TRAFFIC REGS,45-64,M,BLACK,0,BROOKLYN,77,1000285,183163,40.6694023,-73.94219707,POINT (-73.94219706684515 40.66940230342326)
279007123,12/13/23,JAYWALKING,45386,Traffic Regs,TRAFFIC REGS,18-24,M,BLACK,0,QUEENS,103,1040039,191630,40.69248098,-73.79882216,POINT (-73.7988221612839 40.6924809776797)
279007122,12/13/23,JAYWALKING,45386,Traffic Regs,TRAFFIC REGS,18-24,M,BLACK,0,QUEENS,103,1040039,191630,40.69248098,-73.79882216,POINT (-73.7988221612839 40.6924809776797)
279025806,12/15/23,JAYWALKING,45386,Traffic Regs,TRAFFIC REGS,25-44,M,WHITE HISPANIC,0,QUEENS,115,1018492,212756,40.750579,-73.876411,POINT (-73.876411 40.750579)
279061906,12/15/23,JAYWALKING,45386,Traffic Regs,TRAFFIC REGS,45-64,M,BLACK,0,MANHATTAN,18,988257,215427,40.75797289,-73.98553637,POINT (-73.98553636938833 40.75797289059776)
279025402,12/15/23,JAYWALKING,45386,Traffic Regs,TRAFFIC REGS,45-64,M,WHITE HISPANIC,0,QUEENS,110,1015639,211574,40.74734258,-73.8867166,POINT (-73.88671660027961 40.747342580794495)
279105637,12/16/23,JAYWALKING,45386,Traffic Regs,TRAFFIC REGS,25-44,M,WHITE HISPANIC,0,QUEENS,110,1016409,211680,40.74763076,-73.88393715,POINT (-73.88393715438816 40.7476307571886)
279169297,12/18/23,JAYWALKING,45386,Traffic Regs,TRAFFIC REGS,25-44,M,WHITE HISPANIC,0,QUEENS,115,1016926,211753,40.74782923,-73.88207093,POINT (-73.88207093262778 40.74782922837513)
279166019,12/18/23,JAYWALKING,45386,Traffic Regs,TRAFFIC REGS,18-24,M,BLACK,0,BROOKLYN,60,986258,148108,40.57319794,-73.99277199,POINT (-73.99277199192522 40.573197944069996)
279233502,12/19/23,JAYWALKING,45386,Traffic Regs,TRAFFIC REGS,18-24,M,BLACK,2,BROOKLYN,75,1011774,182862,40.66854786,-73.9007828,POINT (-73.90078280161762 40.668547862513854)
279230160,12/19/23,JAYWALKING,45386,Traffic Regs,TRAFFIC REGS,18-24,M,BLACK,0,QUEENS,110,1017185,211789,40.74792708,-73.88113602,POINT (-73.88113601550491 40.747927078391974)
279409357,12/22/23,JAYWALKING,45386,Traffic Regs,TRAFFIC REGS,25-44,M,BLACK HISPANIC,0,MANHATTAN,19,994717,219965,40.77042324,-73.96221135,POINT (-73.96221134805232 40.770423241002156)
279407507,12/22/23,JAYWALKING,45386,Traffic Regs,TRAFFIC REGS,18-24,M,BLACK,0,QUEENS,114,1000200,213983,40.753996,-73.94243046,POINT (-73.94243045893519 40.75399600052303)
279747123,12/27/23,JAYWALKING,45386,Traffic Regs,TRAFFIC REGS,18-24,M,BLACK,0,BROOKLYN,67,1006410,180151,40.66112182,-73.92012759,POINT (-73.92012759086217 40.661121823005146)
279714476,12/30/23,JAYWALKING,45386,Traffic Regs,TRAFFIC REGS,18-24,M,WHITE HISPANIC,0,QUEENS,110,1020802,210947,40.74560179,-73.86808669,POINT (-73.868086685074 40.745601791328994)
279749417,12/30/23,JAYWALKING,45386,Traffic Regs,TRAFFIC REGS,18-24,M,ASIAN / PACIFIC ISLANDER,0,QUEENS,115,1020403,215182,40.75722742,-73.86950387,POINT (-73.86950387410951 40.757227422665224)
279733548,12/30/23,JAYWALKING,45386,Traffic Regs,TRAFFIC REGS,25-44,M,BLACK HISPANIC,0,MANHATTAN,33,1000128,247593,40.84624637,-73.94261086,POINT (-73.94261085719262 40.846246371205524)